"symbol"	"path"
"ABI1"	"multiple"
"LOC100129108"	"lung"
"PDCD6"	"pancreas"
"BCL2L10"	"lymphoma"
"SH2B3"	"multiple/leukemia"
"MEF2B"	"lymphoma"
"MIR1277"	"endometrial"
"ABCC5"	"pancreas"
"ABCC9"	"glioblastoma/endometrial/gastric"
"CDH9"	"glioblastoma/leukemia"
"CDH10"	"pancreas/lung/head_and_neck"
"GPC6"	"colorectal"
"CDH11"	"multiple"
"CDH12"	"head_and_neck"
"AKAP9"	"multiple/prostate"
"G3BP1"	"melanoma"
"CDH18"	"glioblastoma"
"LHFPL6"	"multiple"
"CDK4"	"multiple/glioma"
"ADAM10"	"lymphoma"
"CDK6"	"multiple/glioma"
"OLIG2"	"multiple"
"PRG4"	"melanoma"
"RCAN2"	"melanoma"
"MRPS31"	"melanoma"
"GPHN"	"multiple"
"SPRY3"	"leukemia"
"CDKN1A"	"bladder/liver"
"CDKN1B"	"prostate/breast/small_intestine"
"AKAP8"	"lymphoma"
"FSTL3"	"multiple"
"CDKN2A"	"head_and_neck/leukemia/angiosarcoma/pancreas/melanoma/lung/bladder/esophageal/multiple/liver/soft_tissue_sarcomas/nasopharyngeal/cholangiocarcinoma/thymus/prostate/breast/Ewing_sarcoma/glioma"
"CDKN2B"	"leukemia/prostate/liver/glioma"
"DLEU1"	"leukemia"
"CDKN2C"	"multiple"
"IKZF1"	"multiple/leukemia"
"SIRPB1"	"melanoma"
"MRVI1"	"colorectal"
"TFG"	"multiple"
"ABCA7"	"pancreas"
"ABCA10"	"gastric"
"KLF2"	"lymphoma"
"DLC1"	"pancreas"
"NDRG1"	"multiple"
"NDC80"	"cholangiocarcinoma"
"CPQ"	"kidney"
"TMEM147"	"glioblastoma"
"EMG1"	"melanoma"
"CDX2"	"multiple"
"CDX4"	"glioblastoma"
"NXF1"	"leukemia"
"NCOA2"	"multiple"
"CEBPA"	"leukemia/multiple"
"SEMA3C"	"glioblastoma"
"ATG7"	"nasopharyngeal"
"SLC34A2"	"multiple"
"SLCO1B1"	"leukemia/melanoma"
"USP16"	"ovarian"
"PAIP1"	"bladder"
"ARID3B"	"leukemia"
"TXNIP"	"kidney/bladder"
"CTCF"	"breast/endometrial/leukemia"
"GNA13"	"lymphoma"
"CCT6B"	"lymphoma"
"ADCY1"	"lung"
"NRG3"	"lung"
"STAG2"	"bladder/Ewing_sarcoma/glioblastoma/leukemia/multiple"
"SEPTIN9"	"multiple/breast"
"FTCD"	"lymphoma"
"SRCAP"	"liver"
"CD3EAP"	"glioblastoma"
"LILRB1"	"head_and_neck"
"ACTL7B"	"esophageal"
"MALT1"	"multiple"
"BRD8"	"liver"
"TCERG1"	"colorectal"
"BTNL3"	"kidney"
"APOBEC2"	"lymphoma"
"PNRC1"	"myeloma"
"MLLT11"	"multiple"
"CLP1"	"multiple"
"SLC38A3"	"lung"
"CHD1"	"prostate"
"WWP1"	"liver"
"CHD2"	"leukemia/glioma"
"CNTRL"	"multiple"
"CHD3"	"kidney"
"CHD4"	"endometrial"
"ADAM29"	"glioblastoma"
"FGFR1OP"	"multiple"
"PTPRT"	"angiosarcoma/leukemia"
"CHGA"	"melanoma"
"PSIP1"	"multiple"
"WIF1"	"multiple"
"CHEK2"	"angiosarcoma/thyroid/astrocytoma/multiple/breast"
"AKAP13"	"kidney/pancreas"
"AKAP11"	"pancreas"
"RASSF8"	"lung"
"CHN1"	"multiple"
"SCN11A"	"prostate"
"U2AF2"	"leukemia"
"PIK3IP1"	"head_and_neck"
"ADCY8"	"head_and_neck"
"SLC2A13"	"head_and_neck"
"NLRP3"	"lung"
"PKD1L2"	"leukemia"
"CSMD3"	"ovarian/endometrial/kidney/bladder/liver/lung/leukemia/renal_cell_carcinoma/head_and_neck/gastric"
"TMEM132B"	"melanoma"
"GALNT13"	"pancreas"
"SORCS1"	"pancreas"
"FBXO32"	"breast"
"FCRL1"	"liver"
"RMI2"	"multiple"
"ACSM1"	"pancreas"
"MAS1L"	"ovarian"
"MED12L"	"lymphoma"
"DACH2"	"pancreas"
"CLCN4"	"pancreas"
"CFAP70"	"lymphoma"
"PIK3AP1"	"head_and_neck"
"PNLIPRP3"	"esophageal"
"SFXN4"	"pancreas"
"OR4C46"	"gastric"
"CLK3"	"leukemia"
"FAT3"	"ovarian/endometrial/nasopharyngeal/leukemia/renal_cell_carcinoma"
"LRRK2"	"kidney"
"LRIG3"	"multiple"
"TMEM132D"	"lung"
"CLTC"	"multiple"
"OR10A7"	"colorectal"
"ANO4"	"head_and_neck"
"OR4K14"	"melanoma"
"OR4L1"	"pancreas"
"CCR5"	"lung"
"CMKLR1"	"lung"
"MSI2"	"multiple"
"CANT1"	"multiple"
"ADH1B"	"liver"
"OR1M1"	"melanoma"
"CNGA4"	"gastric"
"NLRP5"	"glioblastoma"
"CYP4F22"	"lymphoma"
"C2CD4C"	"kidney"
"CNTN1"	"gastric"
"LRRIQ3"	"lymphoma"
"MYOM3"	"pancreas"
"DNAH14"	"neuroblastoma"
"COL1A1"	"multiple"
"COL1A2"	"glioblastoma/head_and_neck"
"COL2A1"	"chondrosarcoma"
"COL3A1"	"glioblastoma"
"COL4A2"	"lung"
"ZNF831"	"melanoma"
"PROKR2"	"head_and_neck"
"COL5A1"	"pancreas"
"XIRP2"	"cholangiocarcinoma"
"CNTNAP5"	"esophageal"
"COL9A2"	"melanoma"
"COL11A1"	"endometrial/lung/renal_cell_carcinoma"
"UBR3"	"liver"
"KLF6"	"multiple"
"H1FOO"	"lymphoma"
"EVC2"	"colorectal"
"OTOP1"	"liver"
"MROH2B"	"glioblastoma"
"EGFLAM"	"pancreas"
"COX6C"	"multiple"
"ZNF572"	"head_and_neck"
"CPS1"	"lymphoma"
"GPAT4"	"cholangiocarcinoma"
"UNC5D"	"lymphoma/leukemia"
"DCAF4L2"	"breast"
"CREB1"	"multiple"
"CREBBP"	"angiosarcoma/multiple/esophageal/bladder/lymphoma/leukemia"
"MAGEC3"	"leukemia/lymphoma"
"PASD1"	"lymphoma"
"AMER1"	"colorectal/multiple"
"ADGRG4"	"cholangiocarcinoma"
"FOXR2"	"glioblastoma"
"ZSWIM3"	"gastric"
"ASB15"	"kidney"
"VTI1A"	"multiple"
"CSF3R"	"multiple"
"CSH1"	"melanoma"
"CFAP54"	"melanoma"
"SERPINA12"	"glioblastoma"
"LRFN5"	"pancreas/head_and_neck"
"C15orf65"	"multiple"
"CSNK2B"	"medulloblastoma"
"SLC38A8"	"lymphoma"
"PIK3R6"	"head_and_neck"
"ODF4"	"glioblastoma"
"WIPF2"	"head_and_neck"
"TMEM99"	"liver"
"DSG4"	"glioblastoma"
"C1orf127"	"melanoma"
"GCSAML"	"glioblastoma"
"EXOC8"	"pancreas"
"CTNNA2"	"pancreas/gastric"
"CTNNB1"	"adrenocortical_carcinoma/soft_tissue_sarcomas/prostate/craniopharyngioma/melanoma/endometrial/gastric/colorectal/adrenocortical_adenoma/liver/multiple/lung/medulloblastoma/ovarian/adrenocortical_carcinoma /pancreas"
"CCT8L2"	"cholangiocarcinoma"
"TTL"	"multiple"
"PLB1"	"gastric"
"PPM1L"	"breast"
"BTLA"	"leukemia"
"GLIPR2"	"melanoma"
"ZNF595"	"prostate"
"SLC25A48"	"lymphoma"
"CYLD"	"multiple/thymus"
"CYP2A7"	"leukemia"
"CYP2C9"	"melanoma"
"CYP2E1"	"liver"
"SLC7A13"	"lung"
"KCNU1"	"esophageal"
"PRUNE2"	"adrenocortical_adenoma"
"FAAH2"	"kidney/head_and_neck"
"DACH1"	"lung"
"TMTC2"	"leukemia"
"TMTC3"	"pancreas"
"CCDC63"	"melanoma"
"SYNE3"	"prostate"
"DAXX"	"adrenocortical_carcinoma/leukemia/multiple/pancreas/glioblastoma"
"ZNF497"	"glioblastoma"
"DCC"	"melanoma"
"ACE"	"lymphoma"
"DCTN1"	"glioma"
"DDB2"	"multiple"
"DDIT3"	"multiple"
"C1QL2"	"head_and_neck"
"DDX3X"	"melanoma/medulloblastoma/leukemia/lymphoma/head_and_neck"
"DDX5"	"multiple"
"DDX6"	"multiple"
"DMXL1"	"liver"
"DDX10"	"leukemia/multiple"
"RASSF6"	"pancreas"
"MIER3"	"colorectal"
"C6orf118"	"esophageal"
"COL22A1"	"lung/head_and_neck"
"SNX31"	"melanoma"
"TENT5D"	"gastric"
NA	"glioblastoma"
"ZCCHC12"	"glioma"
"ANKRD24"	"leukemia"
"ZNF384"	"multiple"
"ASXL1"	"angiosarcoma/multiple/myeloproliferative_neoplasm/leukemia/breast/myelodysplasia"
"DIAPH1"	"lymphoma"
"AFM"	"glioblastoma"
"DLG3"	"pancreas"
"DMD"	"colorectal/gastric"
"DNAH5"	"colorectal"
"DNAH9"	"pancreas/leukemia"
"DYNC1I1"	"glioblastoma"
"DNM2"	"leukemia/multiple"
"DNMT1"	"leukemia"
"DNMT3A"	"leukemia/multiple/myeloproliferative_neoplasm/lymphoma/myelodysplasia"
"DOCK2"	"esophageal/pancreas"
"DPP6"	"pancreas/leukemia"
"DPYD"	"lymphoma"
"SLC26A3"	"glioblastoma"
"DRD5"	"glioblastoma"
"JAG1"	"leukemia"
"DSC1"	"melanoma"
"DSC3"	"lymphoma"
"DSG1"	"glioma"
"DTNA"	"leukemia"
"DUSP2"	"lymphoma"
"DUSP7"	"lymphoma"
"DUSP9"	"lymphoma"
"APLNR"	"lung"
"EBF1"	"multiple/lymphoma"
"GPR183"	"leukemia"
"EDNRB"	"colorectal"
"PHC2"	"leukemia"
"AGO4"	"gastric"
"EGFR"	"glioblastoma/lung/glioma/multiple/gallbladder/adenocarcinoma"
"EGR2"	"leukemia"
"EIF1AX"	"thyroid"
"CCER1"	"neuroblastoma"
"ARID2"	"pancreas/melanoma/esophageal/liver/multiple/breast"
"FCSK"	"pancreas"
"EIF4A2"	"multiple"
"ELAVL2"	"lung"
"LCE4A"	"glioblastoma"
"ELF3"	"bladder/cervix/gastric"
"FYB2"	"gastric"
"ELF4"	"multiple"
"SPAG17"	"liver"
"TET3"	"nasopharyngeal"
"ELK4"	"multiple"
"ELN"	"multiple/pancreas"
"FLCN"	"multiple"
"LYRM9"	"lung"
"KHDRBS2"	"melanoma"
"EP300"	"bladder/multiple/esophageal/pancreas/lymphoma/breast/leukemia/glioma"
"NRK"	"head_and_neck"
"EPHA1"	"soft_tissue_sarcomas"
"EPHA3"	"lung"
"EPHA5"	"soft_tissue_sarcomas/lung"
"EPHA7"	"head_and_neck/prostate/soft_tissue_sarcomas"
"EPHB1"	"leukemia"
"EPHB4"	"glioma"
"EPS15"	"multiple"
"ERBB2"	"glioblastoma/gastric/multiple/bladder/nasopharyngeal/gallbladder/breast"
"ERBB3"	"bladder/breast/nasopharyngeal/colorectal/gallbladder"
"ERBB4"	"soft_tissue_sarcomas/lung/gallbladder"
"ERCC2"	"bladder/kidney/multiple"
"AKT1"	"breast/prostate/angiosarcoma/meningioma/multiple"
"EYA4"	"gastric"
"ERCC3"	"multiple"
"ERCC4"	"multiple"
"ERCC5"	"multiple"
"ERCC6"	"gastric"
"ERF"	"prostate"
"ERG"	"prostate/multiple"
"AKT2"	"multiple/head_and_neck/breast"
"ESR1"	"endometrial/breast"
"ETS1"	"lymphoma"
"ETV1"	"multiple"
"ETV4"	"multiple"
"ETV5"	"multiple"
"ETV6"	"multiple/lymphoma/leukemia"
"MECOM"	"endometrial/multiple"
"EVPL"	"pancreas"
"ALB"	"liver"
"EWSR1"	"multiple"
"EXT1"	"multiple"
"EXT2"	"multiple/breast"
"EZH2"	"leukemia/multiple/lymphoma/myeloproliferative_neoplasm/Ewing_sarcoma/myelodysplasia"
"F5"	"esophageal"
"F8"	"pancreas"
"ALDH2"	"multiple"
"FANCA"	"bladder/multiple"
"FANCC"	"multiple"
"FANCD2"	"multiple"
"FANCE"	"multiple"
"ACSL3"	"multiple"
"PTK2B"	"soft_tissue_sarcomas"
"BPTF"	"bladder/liver"
"FANCF"	"multiple"
"FANCG"	"multiple"
"SAMD9L"	"liver"
"OR4C6"	"melanoma"
"OR5L1"	"prostate/melanoma"
"FAT1"	"head_and_neck/esophageal/nasopharyngeal"
"LRRC55"	"glioblastoma"
"ZNF804B"	"head_and_neck"
"FAT2"	"esophageal/nasopharyngeal/lymphoma/pancreas"
"TYSND1"	"pancreas"
"OR10G9"	"melanoma"
"OR5B17"	"lung"
"OOSP2"	"leukemia"
"FCER1A"	"melanoma"
"RASGEF1A"	"lymphoma"
"FAM171A1"	"esophageal"
"SLC39A12"	"esophageal"
"FCGR2B"	"multiple"
"TBC1D32"	"glioblastoma"
"JAZF1"	"multiple"
"THSD7A"	"head_and_neck"
"CDHR3"	"glioblastoma"
"RFX6"	"glioblastoma"
"FGA"	"glioblastoma"
"FGF5"	"leukemia"
"FGFR1"	"neuroblastoma/astrocytoma/multiple/glioma"
"FGFR3"	"bladder/multiple/lung/glioma"
"GPC5"	"bladder"
"FGFR2"	"multiple/cholangiocarcinoma/nasopharyngeal/leukemia/ameloblastoma/glioma"
"FGFR4"	"glioma/lung"
"FH"	"multiple/leiomyoma"
"FHIT"	"multiple"
"IKZF3"	"leukemia/lymphoma"
"IKZF2"	"leukemia"
"ANKRD26"	"leukemia"
"ADGRL1"	"pancreas"
"NLRP1"	"liver"
"SLITRK3"	"head_and_neck"
"ZHX2"	"neuroblastoma"
"DIS3"	"myeloma/leukemia"
"TRAK1"	"bladder"
"DUX4L1"	"multiple"
"NT5C2"	"multiple"
"DIP2C"	"lung"
"KDM2A"	"intracranial_germ_cell"
"LIMCH1"	"endometrial"
"RIMS1"	"esophageal"
"WDFY3"	"renal_cell_carcinoma"
"PDZRN3"	"pancreas"
"PDZD2"	"bladder"
"FOXE1"	"lung"
"PDXDC1"	"kidney"
"KIF21B"	"esophageal"
"FNBP1"	"multiple"
"HECW1"	"esophageal"
"MYCBP2"	"esophageal"
"FOXO1"	"multiple/lymphoma"
"ERC1"	"multiple"
"EXPH5"	"pancreas"
"FOXO3"	"multiple"
"ARHGAP26"	"multiple"
"KIF1B"	"lymphoma"
"SPART"	"esophageal"
"CLASP2"	"adrenocortical_adenoma"
"PLXND1"	"neuroblastoma"
"FLI1"	"multiple"
"ATG2A"	"nasopharyngeal"
"EPB41L3"	"gastric"
"ZZEF1"	"gastric"
"ANKLE2"	"lymphoma"
"CIC"	"oligodendroglioma/glioma/multiple"
"SEPTIN6"	"multiple"
"RFTN1"	"leukemia"
"CYFIP1"	"pancreas"
"FLT1"	"glioma"
"ZFR2"	"bladder"
"FLT3"	"leukemia/multiple/lung"
"SYNE2"	"kidney/bladder/neuroblastoma"
"FLT4"	"soft_tissue_sarcomas"
"MINAR1"	"pancreas"
"CAMTA1"	"multiple/lymphoma"
"ADGRL2"	"leukemia"
"MGA"	"lung/leukemia"
"MTUS2"	"pancreas/glioblastoma"
"ADGRL3"	"lung/leukemia"
"ACSL6"	"multiple"
"SATB2"	"lung"
"AFF2"	"breast"
"SYNE1"	"esophageal/bladder/nasopharyngeal/head_and_neck"
"ARHGEF12"	"multiple"
"CRTC1"	"kidney/multiple"
"NCSTN"	"bladder"
"CTDNEP1"	"medulloblastoma"
"DICER1"	"multiple"
"SF3B1"	"pancreas/breast/multiple/leukemia/myelodysplasia/medulloblastoma"
"HEY1"	"multiple"
"PHF3"	"pancreas"
"BRD4"	"multiple"
"MACF1"	"gastric/pancreas"
"RIMBP2"	"head_and_neck"
"SUZ12"	"multiple/soft_tissue_sarcomas/leukemia"
"KAT6B"	"multiple"
"PIK3R5"	"head_and_neck"
"LEMD3"	"glioma"
"PATZ1"	"multiple"
"ZIM2"	"pancreas"
"CBLC"	"multiple/ovarian"
"NPAP1"	"melanoma"
"ALK"	"neuroblastoma/multiple/thymus"
"ALOX12"	"myeloma"
"MTOR"	"kidney/head_and_neck/renal_cell_carcinoma/intracranial_germ_cell"
"ABL1"	"multiple"
"ADAM2"	"leukemia"
"FUS"	"multiple"
"KDSR"	"multiple"
"RICTOR"	"head_and_neck"
"FYN"	"lymphoma"
"G6PC"	"liver"
"VXN"	"melanoma"
"CBARP"	"head_and_neck"
"GABRA1"	"glioblastoma/lymphoma"
"NPNT"	"kidney"
"GABRA6"	"glioblastoma/ovarian"
"GABRB2"	"glioblastoma/rhabdoid"
"NUDT14"	"head_and_neck"
"ST6GALNAC3"	"melanoma"
"GABRG1"	"medulloblastoma"
"NUTM1"	"multiple"
"NGEF"	"glioblastoma"
"TRIM58"	"esophageal"
"CCDC28A"	"melanoma"
"POT1"	"multiple/leukemia"
"RTTN"	"leukemia"
"ALS2CL"	"leukemia"
"NALCN"	"pancreas"
"ZNF521"	"multiple/lymphoma/lung"
"MDS2"	"multiple"
"WWTR1"	"multiple"
"SAMHD1"	"leukemia"
"SIN3A"	"endometrial"
"PNKD"	"kidney"
"CHMP2B"	"melanoma"
"HINFP"	"pancreas"
"C2CD3"	"pancreas"
"CYP4X1"	"endometrial"
"CHD5"	"neuroblastoma"
"SS18L1"	"multiple"
"SETBP1"	"multiple/leukemia"
"CNTNAP2"	"lung/head_and_neck/pancreas"
"SLITRK5"	"pancreas"
"GIGYF2"	"endometrial/pancreas"
"ZBTB20"	"glioma"
"PTPN22"	"breast"
"GATA1"	"multiple"
"GATA2"	"leukemia/multiple"
"OR2M4"	"leukemia"
"GATA3"	"breast/multiple/leukemia"
"OR5L2"	"head_and_neck"
"SLC17A5"	"melanoma"
"CHIC2"	"multiple"
"RANBP6"	"lymphoma"
"PABPC1"	"lymphoma"
"ABL2"	"multiple"
"TCL6"	"multiple"
"FOXP1"	"multiple"
"AFF4"	"multiple"
"SMC1B"	"bladder"
"BRPF3"	"cholangiocarcinoma"
"SALL3"	"lymphoma"
"SIGLEC8"	"glioblastoma"
"GPC3"	"multiple"
"NMRK2"	"melanoma"
"PCDH17"	"pancreas"
"SULT1B1"	"glioblastoma"
"AMPH"	"liver"
"PGAP2"	"lymphoma"
"RBMX"	"endometrial"
"PCDH11X"	"lung/leukemia"
"ZNF638"	"pancreas"
"UTP20"	"pancreas"
"GLI3"	"lung/gastric"
"EML4"	"multiple"
"PCLO"	"lymphoma/leukemia"
"GML"	"glioblastoma"
"GNA11"	"multiple"
"GNA15"	"melanoma"
"GNAI2"	"melanoma"
"GNAQ"	"multiple"
"GNAS"	"adrenocortical_adenoma/lung/multiple/colorectal/cholangiocarcinoma/prostate/pancreas"
"GNAT1"	"leukemia"
"AMY2B"	"endometrial"
"OR10AG1"	"melanoma"
"OR4C13"	"melanoma"
"OTOGL"	"leukemia"
"CD163L1"	"melanoma"
"ADGRD1"	"pancreas"
"GXYLT1"	"liver"
"HMGN2P46"	"multiple"
"ANGPT1"	"melanoma"
"ZNF844"	"glioblastoma"
"OR2L13"	"glioblastoma"
"SLC9C2"	"endometrial"
"MCHR1"	"gastric"
"CDH19"	"endometrial"
"UNC80"	"leukemia"
"IGSF10"	"liver/pancreas"
"GPR32"	"breast"
"FAM133A"	"lung"
"P2RY8"	"multiple/lung/lymphoma"
"ANK2"	"bladder"
"GPS2"	"breast/medulloblastoma"
"ANK3"	"bladder/neuroblastoma"
"GPX5"	"glioblastoma"
"GRB2"	"lymphoma"
"GRIA3"	"pancreas"
"GRIK3"	"lung"
"ANPEP"	"renal_cell_carcinoma"
"GRIN2A"	"melanoma"
"SETD2"	"angiosarcoma/kidney/lung/astrocytoma/multiple/renal_cell_carcinoma/breast/leukemia/adenocarcinoma"
"BABAM1"	"leukemia"
"GRM1"	"lung/chondromyxoid_fibroma"
"BRD7"	"liver"
"CTNNA3"	"lung"
"CD274"	"multiple"
"GRM3"	"melanoma/glioblastoma"
"GRM8"	"lung/head_and_neck/pancreas"
"MSH6"	"colorectal/multiple"
"GTF2I"	"thymus"
"USP25"	"liver"
"GUCY1A2"	"pancreas"
"CARD10"	"pancreas"
"TFPT"	"multiple"
"DSE"	"liver"
"BAZ2B"	"liver"
"BICRA"	"pancreas"
"TLX3"	"multiple"
"HIST1H1C"	"lymphoma"
"HIST1H1D"	"lymphoma"
"HIST1H1E"	"leukemia/lymphoma"
"HIST1H1B"	"lymphoma"
"HIST1H2AD"	"leukemia"
"HIST1H2BD"	"lymphoma"
"H3F3A"	"chondroblastoma/glioma/astrocytoma/multiple/glioblastoma"
"H3F3B"	"chondroblastoma"
"CFHR2"	"melanoma"
"PIK3R4"	"bladder"
"HIP1"	"multiple"
"HLA-A"	"lung/head_and_neck/myeloma/lymphoma"
"HLA-B"	"lymphoma/cervix"
"MNX1"	"multiple"
"HLF"	"multiple"
"HLA-DRB9"	"glioblastoma"
"HMGB1"	"lymphoma"
"HMGA1"	"multiple"
"FOXA1"	"prostate/bladder/multiple/breast"
"SLC29A2"	"lymphoma"
"VN1R4"	"head_and_neck"
"POTED"	"melanoma"
"HNRNPA2B1"	"multiple/liver"
"HNRNPK"	"leukemia"
"TLX1"	"multiple"
"HOXA7"	"endometrial"
"HOXA9"	"multiple"
"HOXA11"	"multiple"
"HOXA13"	"multiple"
"HOXC11"	"multiple"
"HOXC13"	"multiple"
"HOXD11"	"multiple"
"HOXD13"	"multiple"
"APC"	"prostate/colorectal/gastric/adrenocortical_adenoma/lung/multiple/breast"
"HPD"	"endometrial"
"HRAS"	"head_and_neck/prostate/angiosarcoma/thyroid/bladder/neuroblastoma/multiple/thymus"
"BIRC3"	"multiple"
"HSP90AA1"	"multiple"
"HSP90AB1"	"multiple"
"HTR1E"	"gastric"
"TNC"	"melanoma"
"KRTAP20-2"	"glioblastoma"
"APOB"	"neuroblastoma/gastric"
"TAS2R60"	"melanoma"
"LUZP2"	"leukemia"
"FAM92B"	"pancreas"
"IRF8"	"lymphoma"
"BRINP3"	"leukemia/colorectal"
"ID3"	"lymphoma"
"TMPRSS11A"	"colorectal"
"GCOM2"	"leukemia"
"ABCB5"	"lung"
"RSPO2"	"prostate"
"DCAF12L2"	"glioblastoma"
"OVCH1"	"pancreas"
"SYT10"	"esophageal"
"FREM2"	"leukemia"
"IDH1"	"prostate/oligodendroglioma/glioma/glioblastoma/melanoma/leukemia/cholangiocarcinoma/multiple/myeloproliferative_neoplasm/chondrosarcoma"
"IDH2"	"leukemia/glioma/multiple/myeloproliferative_neoplasm/lymphoma/chondrosarcoma"
"OR2W3"	"colorectal"
"OR10R2"	"pancreas"
"IFIT3"	"medulloblastoma"
"ECT2L"	"multiple/leukemia"
"EYS"	"esophageal/lung"
"ZNF391"	"pancreas"
"LRRTM1"	"head_and_neck"
"IGF2"	"adrenocortical_carcinoma "
"IGF2R"	"glioma/pancreas"
"HCN1"	"lung"
"IGH"	"multiple"
"KRTAP12-1"	"melanoma"
"IGL"	"multiple"
"FAS"	"multiple/lymphoma"
"IL1A"	"lung"
"IL1B"	"pancreas"
"IL2"	"multiple"
"IL2RG"	"pancreas"
"IL6ST"	"multiple"
"IL7R"	"multiple/leukemia"
"IL13RA1"	"colorectal"
"INHBA"	"lung"
"INPP4A"	"endometrial"
"IRF2"	"liver"
"IRF4"	"multiple/lymphoma"
"IRF6"	"head_and_neck"
"IRS1"	"soft_tissue_sarcomas"
"AR"	"prostate"
"ITGA4"	"melanoma"
"ITK"	"multiple/lung"
"ITPKB"	"leukemia"
"JAK1"	"multiple/leukemia"
"JAK2"	"multiple/lung/myeloproliferative_neoplasm"
"JAK3"	"leukemia/multiple"
"JUN"	"multiple"
"KCNA6"	"head_and_neck"
"FAM111B"	"kidney"
"LRRC37A3"	"melanoma"
"CCDC178"	"liver"
"PEAR1"	"pancreas"
"ANKRD36"	"glioblastoma"
"PNPLA7"	"leukemia"
"KCNJ5"	"multiple"
"MALAT1"	"multiple"
"KDR"	"lung/multiple"
"KEL"	"glioblastoma"
"KIF5B"	"multiple"
"KIT"	"soft_tissue_sarcomas/leukemia/multiple/intracranial_germ_cell"
"KLK2"	"multiple"
"KRAS"	"leukemia/colorectal/angiosarcoma/pancreas/thyroid/endometrial/gastric/lung/cholangiocarcinoma/myeloma/neuroblastoma/multiple/bladder/astrocytoma/ovarian/nasopharyngeal/gallbladder/thymus/breast/ameloblastoma/intracranial_germ_cell/myelodysplasia/glioma/adenocarcinoma"
"KCTD8"	"head_and_neck"
"RHOA"	"bladder/gastric/lymphoma"
"RHOB"	"bladder"
"POTEC"	"melanoma"
"RNF207"	"pancreas"
"LDLRAD1"	"melanoma"
"NOTCH2NLA"	"melanoma"
"C4orf50"	"pancreas"
"KTN1"	"multiple"
"MAFA"	"head_and_neck"
"AFF3"	"multiple"
"OR51I2"	"melanoma"
"OR52E8"	"melanoma"
"OR8H2"	"head_and_neck"
"OR5T1"	"neuroblastoma"
"OR8K1"	"head_and_neck"
"OR10G7"	"lung"
"LAMA2"	"cholangiocarcinoma"
"LAMA4"	"bladder/intracranial_germ_cell"
"OR6K3"	"lymphoma"
"OR11L1"	"lung"
"OR2T33"	"melanoma"
"LOC392232"	"melanoma"
"LASP1"	"multiple"
"LCK"	"multiple"
"LCP1"	"multiple"
"LETM1"	"glioma"
"LIFR"	"multiple"
"RHOH"	"multiple"
"LMO1"	"multiple"
"LMO2"	"multiple"
"LMX1A"	"glioblastoma"
"OR2A42"	"melanoma"
"LPP"	"multiple"
"LRP2"	"kidney/bladder/glioblastoma"
"LTA4H"	"leukemia"
"ARNT"	"multiple"
"LTK"	"soft_tissue_sarcomas/lung"
"LUM"	"glioblastoma"
"LYL1"	"multiple"
"SMAD2"	"gastric/colorectal"
"SMAD4"	"pancreas/gastric/colorectal/esophageal/multiple/lung/breast/cholangiocarcinoma"
"MAF"	"multiple"
"MAGEA6"	"pancreas"
"TBC1D3B"	"melanoma"
"MAX"	"multiple"
"MDM2"	"multiple"
"MDM4"	"multiple"
"MEF2C"	"lymphoma/head_and_neck"
"MAP3K1"	"breast"
"MAP3K4"	"endometrial"
"MAP3K5"	"melanoma"
"MEN1"	"adrenocortical_carcinoma/multiple/pancreas/liver"
"MEP1A"	"pancreas"
"MET"	"angiosarcoma/lung/kidney/multiple/glioma"
"VCX3B"	"melanoma"
"CIITA"	"multiple/lymphoma"
"MITF"	"multiple"
"MKI67"	"endometrial"
"MLF1"	"multiple"
"MLH1"	"multiple/prostate"
"MAP3K9"	"melanoma"
"KMT2A"	"prostate/liver/multiple/bladder/breast"
"MLLT1"	"multiple"
"AFF1"	"multiple"
"MLLT3"	"multiple/leukemia"
"AFDN"	"multiple"
"MLLT6"	"multiple"
"FOXO4"	"multiple"
"NR3C2"	"leukemia"
"MMP13"	"glioblastoma"
"MN1"	"multiple"
"MNAT1"	"lung"
"MOS"	"soft_tissue_sarcomas"
"ASL"	"pancreas"
"MPL"	"multiple/myeloproliferative_neoplasm"
"KRTAP5-5"	"lymphoma"
"H3F3C"	"head_and_neck"
"EIF2AK4"	"glioma"
"UNC13C"	"pancreas/leukemia/esophageal"
"OR2A2"	"melanoma"
"MYO1B"	"colorectal/glioblastoma"
"MSH2"	"multiple/prostate"
"MSH3"	"colorectal"
"MSN"	"multiple"
"MSR1"	"melanoma/kidney"
"MST1"	"melanoma"
"MST1R"	"soft_tissue_sarcomas"
"COX2"	"neuroblastoma"
"MTCP1"	"multiple"
"MUC1"	"multiple"
"MUC2"	"leukemia"
"MUC4"	"melanoma"
"MUC6"	"gastric"
"MUTYH"	"multiple"
"ASTN1"	"glioblastoma"
"MYB"	"multiple/glioma"
"MYBL1"	"glioma"
"MYC"	"prostate/multiple/lymphoma/glioma"
"MYCL"	"multiple"
"MYCN"	"multiple/neuroblastoma/glioma"
"MYD88"	"multiple/leukemia/lymphoma"
"MYH2"	"pancreas"
"MYH4"	"pancreas"
"MYH9"	"multiple"
"MYH11"	"multiple"
"ZFHX3"	"endometrial/prostate/bladder"
"MYO9A"	"neuroblastoma"
"MYOD1"	"rhabdomyosarcoma"
"ATF1"	"multiple"
"NACA"	"multiple"
"NBN"	"multiple"
"NCAM2"	"lung"
"NEB"	"lymphoma"
"ATIC"	"multiple"
"NDUFB9"	"melanoma"
"ATM"	"bladder/prostate/pancreas/lung/liver/multiple/kidney/leukemia/colorectal/lymphoma"
"NEK2"	"breast"
"ATP1A1"	"multiple"
"NF1"	"soft_tissue_sarcomas/angiosarcoma/glioblastoma/melanoma/ovarian/breast/lung/glioma/neuroblastoma/astrocytoma/multiple/bladder/leukemia/intracranial_germ_cell"
"NF2"	"meningioma/kidney/multiple"
"NFE2L2"	"lung/kidney/endometrial/bladder/multiple/esophageal/liver/cervix/head_and_neck/pancreas"
"NFIB"	"multiple"
"NFKB2"	"multiple"
"NFKBIA"	"lymphoma"
"NONO"	"multiple"
"CNOT3"	"leukemia/multiple"
"NOTCH1"	"esophageal/head_and_neck/oligodendroglioma/lung/glioma/leukemia/multiple/soft_tissue_sarcomas/nasopharyngeal/lymphoma/bladder"
"NOTCH2"	"esophageal/multiple/lymphoma/nasopharyngeal/bladder"
"NOTCH3"	"esophageal/nasopharyngeal/bladder"
"NPM1"	"leukemia/multiple"
"ATP2A2"	"leukemia"
"NRAS"	"leukemia/angiosarcoma/melanoma/thyroid/colorectal/myeloma/lung/neuroblastoma/multiple/nasopharyngeal/thymus/intracranial_germ_cell/myelodysplasia"
"NTRK1"	"soft_tissue_sarcomas/lung/multiple/glioma"
"NTRK2"	"glioma"
"NTRK3"	"lung/multiple/glioma/breast"
"ATP2B3"	"multiple"
"NUMA1"	"multiple"
"NUP98"	"multiple"
"SPANXN2"	"gastric"
"ATP4A"	"gastric"
"OMD"	"multiple"
"OXA1L"	"melanoma"
"PCSK6"	"pancreas"
"PAFAH1B2"	"multiple"
"IL21R"	"multiple"
"PAK3"	"lung"
"PAX3"	"multiple"
"PAX5"	"leukemia/multiple/lung"
"IGK"	"multiple"
"PAX7"	"multiple"
"VILL"	"leukemia"
"PBX1"	"multiple"
"IMPG2"	"leukemia"
"SHANK1"	"kidney"
"TBX22"	"lung"
"PCDH9"	"esophageal"
"FAM135B"	"endometrial/head_and_neck"
"PCM1"	"multiple"
"SBDS"	"multiple"
"CEP83"	"pancreas"
"IRAK4"	"breast"
"DBR1"	"gastric"
"NIN"	"multiple"
"ABI3"	"head_and_neck"
"TMEM216"	"melanoma"
"RXFP3"	"head_and_neck"
"WAC"	"leukemia"
"ZMYND10"	"lung"
"UBR5"	"multiple"
"SNX7"	"leukemia"
"DDX41"	"leukemia"
"MAGEC2"	"head_and_neck"
"PDE6G"	"neuroblastoma"
"HIKESHI"	"leukemia"
"NCKIPSD"	"multiple"
"PDGFB"	"multiple"
"PDGFRA"	"glioblastoma/lung/astrocytoma/multiple/glioma"
"PDGFRB"	"multiple/soft_tissue_sarcomas"
"TRIM33"	"multiple"
"PDHB"	"kidney"
"SUFU"	"multiple"
"PDYN"	"lung"
"CDK12"	"ovarian/multiple/prostate"
"PEG3"	"cholangiocarcinoma"
"PER1"	"multiple"
"PFKP"	"medulloblastoma"
"ABCB1"	"glioblastoma/esophageal"
"SERPINA1"	"lymphoma"
"PIK3C2A"	"head_and_neck"
"PIK3C2B"	"lung/head_and_neck"
"PIK3C2G"	"head_and_neck"
"PIK3CA"	"head_and_neck/leukemia/breast/prostate/soft_tissue_sarcomas/oligodendroglioma/glioblastoma/lung/kidney/bladder/gastric/colorectal/glioma/esophageal/astrocytoma/multiple/pancreas/ovarian/endometrial/nasopharyngeal/cervix/medulloblastoma"
"PIK3CB"	"prostate"
"PIM1"	"multiple/lymphoma"
"PIK3CD"	"head_and_neck"
"PIK3CG"	"lung/head_and_neck"
"PIK3R1"	"leukemia/prostate/oligodendroglioma/glioblastoma/breast/endometrial/glioma/astrocytoma/multiple/head_and_neck"
"PI4KA"	"soft_tissue_sarcomas"
"PKHD1"	"lung/glioblastoma/gastric"
"PLAG1"	"multiple"
"PLCB4"	"melanoma"
"BCL11A"	"multiple"
"PLCG1"	"angiosarcoma/glioma"
"LRP1B"	"lung/kidney/colorectal/melanoma/leukemia/gastric"
"PLCG2"	"lymphoma"
"PLXNA2"	"leukemia"
"PML"	"multiple"
"PMS1"	"multiple/lymphoma"
"PMS2P3"	"gastric"
"CNTN5"	"pancreas"
"PMS2"	"multiple"
"PRRX1"	"multiple"
"TSPEAR"	"glioblastoma"
"PNN"	"endometrial"
"SEPTIN5"	"multiple"
"ERRFI1"	"liver"
"POLE"	"endometrial"
"SEMA5B"	"pancreas"
"RBM27"	"glioblastoma"
"ATR"	"endometrial/breast"
"POU2AF1"	"multiple"
"PCDH18"	"pancreas"
"POU2F2"	"lymphoma"
"ATRX"	"glioblastoma/glioma/astrocytoma/multiple/pancreas/adrenocortical_carcinoma /neuroblastoma/adenocarcinoma"
"POU5F1"	"multiple"
"LRRN3"	"pancreas"
"PPARG"	"multiple"
"MED1"	"head_and_neck"
"FEV"	"multiple"
"KLHDC4"	"pancreas"
"HYDIN"	"leukemia"
"TET2"	"leukemia/multiple/nasopharyngeal/myeloproliferative_neoplasm/lymphoma/myelodysplasia"
"BNC2"	"gastric"
"CDHR2"	"leukemia"
"TENT5C"	"myeloma/multiple"
"BCOR"	"endometrial/gastric/multiple/leukemia/medulloblastoma/glioma/myelodysplasia"
"RNF43"	"gastric/multiple/colorectal/cholangiocarcinoma/prostate/pancreas"
"NSD3"	"multiple"
"SOHLH2"	"gastric"
"SDHAF2"	"multiple"
"ZNF770"	"endometrial"
"PHIP"	"glioblastoma"
"ZWILCH"	"lymphoma"
"PPP1R3A"	"pancreas/lung"
"SLC6A15"	"pancreas"
"PPP2R1A"	"endometrial/multiple/lung/ovarian/thymus"
"NUDT11"	"head_and_neck"
"PBRM1"	"kidney/multiple/cholangiocarcinoma/pancreas/thymus/renal_cell_carcinoma/breast"
"RESF1"	"lymphoma"
"PPP2R5A"	"lymphoma"
"ASXL2"	"bladder"
"FBXW7"	"esophageal/head_and_neck/soft_tissue_sarcomas/endometrial/bladder/colorectal/leukemia/multiple/lung/cervix"
"STYK1"	"head_and_neck/glioma"
"PPP6C"	"melanoma"
"ZNF331"	"multiple"
"PRB4"	"head_and_neck"
"PRCC"	"multiple"
"TRPV6"	"glioblastoma"
"PRF1"	"multiple"
"SAGE1"	"pancreas"
"ZNF823"	"head_and_neck"
"PLXNA3"	"neuroblastoma"
"CDC42BPG"	"pancreas"
"DNAH3"	"lung"
"KIF27"	"lung"
"ITLN1"	"melanoma"
"KIF21A"	"lung"
"PPP1R9A"	"head_and_neck"
"MTMR8"	"lymphoma"
"KIF16B"	"esophageal"
"CHD7"	"medulloblastoma"
"PRKAB2"	"lung"
"PRKACA"	"adrenocortical_adenoma"
"RADIL"	"cholangiocarcinoma"
"ATF7IP"	"leukemia"
"PRKAR1A"	"adrenocortical_adenoma/multiple"
"TMEM30A"	"lymphoma"
"WDR12"	"melanoma"
"EXOC2"	"breast"
"PRKCB"	"lymphoma"
"PRKCG"	"pancreas"
"ALLC"	"head_and_neck"
"PAG1"	"leukemia"
"PRKD1"	"polymorphous_low-grade_adenocarcinoma"
"ERBIN"	"lymphoma"
"MAPK1"	"cervix/leukemia"
"AJAP1"	"esophageal"
"MAPK7"	"glioma"
"PDGFC"	"lymphoma"
"MAP2K1"	"melanoma/multiple"
"MAP2K2"	"multiple/melanoma"
"MAP2K3"	"liver"
"PCDHGC5"	"leukemia"
"PCDHB8"	"melanoma"
"PRKX"	"melanoma"
"PCDHB6"	"lymphoma"
"PCDHA13"	"cholangiocarcinoma"
"DNAH7"	"gastric"
"PRLR"	"leukemia"
"TRPV5"	"glioblastoma"
"METTL3"	"gastric"
"RELN"	"lung/leukemia"
"TWNK"	"leukemia"
"B2M"	"melanoma/lymphoma"
"FMN2"	"kidney/pancreas/gastric"
"CELF4"	"leukemia"
"FSTL5"	"esophageal/leukemia"
"PRDM9"	"lung/leukemia/head_and_neck"
"ADAMTS9"	"glioma"
"ACKR3"	"multiple"
"AKR1B10"	"melanoma"
"CCNL1"	"gastric"
"KNL1"	"multiple"
"PLSCR4"	"lung"
"GOPC"	"multiple/lung"
"SLURP1"	"lung"
"ADAMTSL3"	"lymphoma/neuroblastoma"
"ATP10A"	"cholangiocarcinoma/pancreas"
"PTCH1"	"multiple/esophageal/medulloblastoma/chondrosarcoma/adenocarcinoma"
"PTEN"	"prostate/soft_tissue_sarcomas/kidney/glioblastoma/melanoma/breast/lung/endometrial/glioma/leukemia/astrocytoma/multiple/pancreas/head_and_neck/cervix/cholangiocarcinoma/medulloblastoma/liver/gastric"
"SLC4A10"	"leukemia"
"PTGFR"	"breast"
"TENM2"	"leukemia"
"NLN"	"leukemia"
"ARID1B"	"liver/neuroblastoma/breast/adenocarcinoma"
"RPTOR"	"head_and_neck"
"RTL9"	"lymphoma"
"SORCS2"	"neuroblastoma"
"LRRC7"	"lung/glioblastoma"
"MRTFA"	"multiple"
"ZNF687"	"glioblastoma"
"TSHZ3"	"nasopharyngeal"
"SHROOM3"	"gastric"
"PTN"	"gastric"
"USP29"	"lung"
"KIAA1549"	"multiple"
"RNF213"	"multiple"
"GPAM"	"medulloblastoma"
"ZDBF2"	"lung"
"ADGRB3"	"pancreas/lung/gastric/glioma"
"PTPN1"	"lymphoma"
"METTL14"	"endometrial"
"EPG5"	"leukemia"
"SPTBN4"	"kidney"
"PTPN11"	"leukemia/glioma/neuroblastoma/multiple"
"PTPN12"	"colorectal"
"CCNB1IP1"	"multiple"
"PTPN14"	"neuroblastoma"
"PTPRB"	"angiosarcoma"
"PTPRC"	"gastric/multiple"
"PTPRD"	"breast/lung/pancreas"
"PTPRK"	"melanoma"
"PTPRO"	"melanoma"
"KMT2C"	"prostate/pancreas/breast/leukemia/liver/multiple/bladder/nasopharyngeal/cholangiocarcinoma/medulloblastoma/renal_cell_carcinoma"
"RAC1"	"melanoma/multiple"
"RAD21"	"leukemia/multiple"
"RAD51B"	"multiple"
"RAF1"	"multiple/prostate/glioma"
"RAG2"	"leukemia"
"RALGDS"	"multiple"
"RAP1GDS1"	"multiple"
"RARA"	"multiple"
"RASA1"	"head_and_neck/gastric"
"RB1"	"soft_tissue_sarcomas/prostate/glioblastoma/melanoma/ovarian/breast/lung/bladder/multiple/esophageal/leukemia/liver"
"KDM5A"	"multiple"
"RBBP6"	"neuroblastoma"
"CCND1"	"endometrial/myeloma/multiple/prostate/liver/glioma/breast"
"BCL2"	"multiple/lymphoma"
"REL"	"multiple"
"RET"	"multiple/breast/lymphoma/thymus"
"TRIM27"	"multiple"
"ACTB"	"lymphoma"
"RGS12"	"lymphoma"
"RHEB"	"kidney"
"RIT2"	"gastric"
"RIT1"	"lung"
"BCL3"	"multiple"
"BCL5"	"multiple"
"BCL6"	"multiple/lymphoma"
"CCDC81"	"leukemia"
"BCL7A"	"multiple"
"BCL9"	"multiple"
"TNFRSF17"	"multiple"
"ROBO2"	"cholangiocarcinoma"
"ROS1"	"multiple/lung/leukemia"
"RPGR"	"breast"
"RPL5"	"glioblastoma/leukemia/multiple"
"BCR"	"multiple/lymphoma"
"RPL10"	"leukemia/multiple"
"RPL22"	"endometrial/multiple/liver/gastric"
"RPN1"	"multiple"
"RPS6KA3"	"liver"
"RPS27"	"melanoma"
"CLIP1"	"pancreas"
"RXRA"	"bladder"
"RYR1"	"kidney"
"RYR2"	"breast/leukemia"
"BCORL1"	"intracranial_germ_cell/glioma"
"SCN5A"	"pancreas"
"SCN9A"	"glioblastoma"
"SCN10A"	"esophageal"
"SDC4"	"multiple"
"PIEZO2"	"renal_cell_carcinoma"
"PRDM1"	"multiple/lymphoma"
"SDHB"	"multiple"
"SDHC"	"multiple"
"SDHD"	"multiple"
"TNN"	"lung"
"NEUROG2"	"melanoma"
"PRDM16"	"multiple"
"MYO1G"	"lymphoma"
"SEMG1"	"glioblastoma"
"CDH23"	"leukemia"
"CLSTN2"	"head_and_neck"
"BLM"	"multiple"
"CRLF2"	"multiple"
"MAP2K4"	"pancreas/breast/multiple"
"SET"	"multiple"
"SEPTIN7P2"	"breast"
"SFPQ"	"leukemia/multiple"
"ABCG8"	"melanoma"
"SRSF1"	"leukemia"
"SRSF2"	"multiple/myelodysplasia"
"SRSF3"	"multiple"
"NSD1"	"head_and_neck/leukemia/multiple"
"CDH24"	"leukemia"
"PPIAL4G"	"melanoma"
"SGK1"	"endometrial/lymphoma"
"CSMD1"	"colorectal"
"SH3GL1"	"multiple"
"ARIH2OS"	"melanoma"
"SMURF2"	"melanoma"
"SI"	"head_and_neck/leukemia"
"CREB3L2"	"multiple"
"RBM15"	"multiple"
"CRTC3"	"multiple"
"RANBP17"	"multiple"
"STIL"	"multiple"
"BCL11B"	"leukemia/multiple"
"SKP2"	"glioblastoma"
"ACD"	"melanoma"
"SLC1A6"	"pancreas"
"PCDH15"	"pancreas/head_and_neck"
"SLC5A3"	"kidney"
"SLC6A2"	"lung"
"PRB2"	"leukemia"
"RRN3P2"	"endometrial"
"SLC6A11"	"melanoma"
"SLC15A1"	"leukemia"
"SLC15A2"	"melanoma"
"BMPR1A"	"multiple"
"SMARCA1"	"lymphoma"
"SMARCA4"	"lung/glioma/esophageal/multiple/medulloblastoma/pancreas/lymphoma/ovarian"
"SMARCB1"	"multiple/rhabdoid/melanoma"
"SMARCD1"	"breast"
"SMARCE1"	"multiple"
"SMO"	"meningioma/multiple/ameloblastoma"
"SIGLEC1"	"pancreas"
"SNRPA"	"melanoma"
"SON"	"pancreas"
"SOX2"	"multiple"
"SOX5"	"pancreas"
"SOX9"	"colorectal"
"DST"	"glioma"
"FOXL2"	"multiple"
"SPRR2B"	"gastric"
"SPTA1"	"glioblastoma/endometrial/neuroblastoma/intracranial_germ_cell/gastric"
"BRCA1"	"ovarian/multiple/prostate/breast/adenocarcinoma"
"BRAF"	"melanoma/craniopharyngioma/glioblastoma/thyroid/lung/colorectal/multiple/astrocytoma/ovarian/leukemia/prostate/ameloblastoma/glioma"
"SSB"	"melanoma"
"BRCA2"	"prostate/ovarian/multiple/breast/pancreas"
"SSX1"	"multiple"
"SSX2"	"multiple"
"SSX4"	"multiple"
"SS18"	"multiple"
"ZFP36L1"	"breast/bladder"
"STAT3"	"adrenocortical_adenoma/multiple/lymphoma"
"STAT4"	"melanoma"
"STAT5B"	"multiple"
"STAT6"	"lymphoma"
"STC1"	"melanoma"
"STK11"	"lung/multiple/cervix/breast/adenocarcinoma"
"SYK"	"soft_tissue_sarcomas/multiple/lymphoma"
"SYN2"	"lymphoma"
"SYT4"	"melanoma"
"TACC1"	"melanoma"
"TAF1"	"endometrial"
"KLF5"	"bladder"
"TAL1"	"multiple"
"TAL2"	"multiple"
"TCEA1"	"multiple"
"ELOC"	"kidney"
"TBX3"	"breast"
"HNF1A"	"multiple/liver"
"HNF1B"	"lymphoma"
"TCF3"	"multiple"
"TCF7L2"	"colorectal/multiple"
"TCF12"	"glioma/multiple"
"BTG1"	"multiple/lymphoma/leukemia"
"TRA"	"multiple"
"TRB"	"multiple"
"TRD"	"multiple"
"TDG"	"lung"
"BUB1B"	"multiple"
"TERT"	"multiple/liver"
"TFDP1"	"glioma"
"TFE3"	"multiple"
"TFRC"	"multiple"
"TGFBR2"	"pancreas/head_and_neck/colorectal/gastric"
"THBS1"	"gastric"
"TCHH"	"glioblastoma"
"NKX2-1"	"multiple"
"TLE4"	"leukemia"
"TLL1"	"esophageal"
"TLL2"	"lymphoma"
"TLR2"	"leukemia"
"TLR4"	"esophageal/lung/melanoma"
"TMPRSS2"	"prostate/multiple"
"TMSB4XP8"	"lymphoma"
"TNF"	"lymphoma"
"TNFAIP3"	"multiple/lymphoma"
"TNFAIP6"	"endometrial"
"TNR"	"pancreas"
"TOP1"	"multiple"
"TP53"	"esophageal/head_and_neck/leukemia/adrenocortical_carcinoma/breast/prostate/soft_tissue_sarcomas/colorectal/angiosarcoma/pancreas/Ewing_sarcoma/glioma/kidney/glioblastoma/melanoma/ovarian/lung/endometrial/bladder/gastric/cholangiocarcinoma/myeloma/astrocytoma/liver/multiple/medulloblastoma/nasopharyngeal/gallbladder/lymphoma/thymus/adrenocortical_carcinoma /chondrosarcoma/intracranial_germ_cell/myelodysplasia/adenocarcinoma"
"TPM3"	"multiple"
"TPM4"	"multiple"
"TPO"	"pancreas"
"TPR"	"multiple"
"C3"	"neuroblastoma"
"TRAF3"	"lymphoma"
"TRAF5"	"breast"
"TRO"	"leukemia"
"TRPS1"	"colorectal"
"TSC1"	"bladder/multiple/kidney/head_and_neck/liver"
"TSC2"	"multiple/kidney/pancreas/head_and_neck/liver"
"TSHR"	"multiple"
"TTK"	"gastric"
"TTN"	"colorectal/neuroblastoma/gastric/leukemia"
"TUBA3C"	"lung"
"GOLGA6L6"	"melanoma"
"NUTM2A"	"multiple"
"CLEC19A"	"breast"
"NUTM2B"	"multiple"
"U2AF1"	"lung/leukemia/multiple/myelodysplasia"
"UBB"	"melanoma"
"UBE2A"	"lymphoma"
"UBE2D1"	"melanoma"
"UGT2B10"	"melanoma"
"USH2A"	"breast/endometrial/head_and_neck/pancreas"
"KDM6A"	"prostate/angiosarcoma/bladder/kidney/leukemia/multiple/esophageal/medulloblastoma/soft_tissue_sarcomas/pancreas"
"VHL"	"kidney/multiple/renal_cell_carcinoma/pancreas"
"EZR"	"multiple"
"VWF"	"pancreas"
"WAS"	"multiple"
"ZAN"	"pancreas"
"NSD2"	"multiple/leukemia"
"WNT2"	"glioblastoma"
"WRN"	"multiple"
"WT1"	"leukemia/multiple"
"XBP1"	"leukemia"
"XPA"	"multiple"
"XPC"	"multiple"
"XPNPEP2"	"lung"
"XPO1"	"multiple/leukemia"
"YWHAE"	"multiple"
"ZFX"	"melanoma"
"ZIC3"	"liver"
"CNBP"	"multiple"
"ZNF99"	"glioblastoma"
"MKRN3"	"lung"
"ZBTB16"	"multiple/prostate"
"ZMYM2"	"multiple/lung/leukemia"
"ZNF208"	"colorectal"
"CACNA1D"	"multiple"
"ZNF226"	"liver"
"CACNA1E"	"leukemia"
"MAP3K12"	"neuroblastoma"
"CACNA2D1"	"pancreas/lung"
"CSDE1"	"endometrial"
"BTG2"	"bladder/lymphoma"
"PXDN"	"pancreas"
"ALMS1"	"pancreas"
"RNF103"	"leukemia"
"PAX8"	"multiple"
"KCNAB1"	"leukemia"
"AHNAK"	"kidney"
"PVRIG"	"melanoma"
"ASPSCR1"	"multiple"
"DEK"	"multiple"
"CHCHD7"	"multiple"
"TMEM243"	"head_and_neck"
"IRX6"	"glioblastoma"
"TFEB"	"multiple"
"OR4K1"	"melanoma"
"RNF217-AS1"	"multiple"
"CDC73"	"multiple"
"FAT4"	"bladder/melanoma/gastric"
"TBL1XR1"	"breast/multiple/lymphoma/leukemia"
"PALB2"	"multiple/breast"
"ZNF750"	"esophageal"
"FZD3"	"colorectal"
"ZFHX4"	"lung/renal_cell_carcinoma/head_and_neck"
"FBXO31"	"lymphoma"
"UGT2A3"	"glioblastoma"
"ARHGAP28"	"leukemia"
"CCDC102B"	"esophageal"
"PODNL1"	"glioblastoma"
"MCMBP"	"melanoma"
"CALCR"	"glioblastoma"
"CNTNAP3"	"leukemia"
"KAT6A"	"esophageal/multiple"
"POF1B"	"leukemia"
"TRPM3"	"glioma"
"LRRTM4"	"pancreas"
"ADAMTS20"	"pancreas"
"NR4A3"	"multiple"
"BRD3"	"multiple/lung"
"FBXO11"	"multiple/lymphoma"
"NUP214"	"multiple"
"RUFY1"	"head_and_neck"
"PREX2"	"melanoma/pancreas"
"MLLT10"	"multiple"
"CCDC6"	"multiple"
"WDCP"	"multiple"
"SPHKAP"	"lung"
"NCOA4"	"multiple"
"TET1"	"leukemia/multiple/nasopharyngeal"
"EPC1"	"pancreas"
"PDCD1LG2"	"multiple"
"THSD7B"	"prostate/gastric"
"VWA7"	"lymphoma"
"KMT2D"	"bladder/prostate/lung/head_and_neck/kidney/multiple/esophageal/medulloblastoma/nasopharyngeal/lymphoma/breast"
"FXR1"	"glioma"
"HMGA2"	"multiple"
"CALR"	"multiple/myeloproliferative_neoplasm/lymphoma"
"TCL1A"	"multiple"
"OR4C15"	"head_and_neck/gastric"
"TAF15"	"multiple"
"DCSTAMP"	"pancreas"
"FAM117A"	"leukemia"
"FIP1L1"	"multiple"
"NIPA2"	"prostate"
"DOCK8"	"neuroblastoma"
"ELL"	"multiple"
"ADAMTS12"	"head_and_neck"
"NETO2"	"head_and_neck"
"VANGL1"	"neuroblastoma"
"LZTR1"	"glioblastoma"
"CLTCL1"	"multiple"
"ZRSR2"	"multiple/myelodysplasia"
"USP9X"	"endometrial"
"RBM10"	"lung"
"KDM5C"	"kidney/multiple/renal_cell_carcinoma"
"SMC1A"	"bladder/leukemia"
"ARID1A"	"prostate/pancreas/kidney/endometrial/bladder/gastric/lung/glioma/adrenocortical_adenoma/cholangiocarcinoma/esophageal/liver/multiple/ovarian/nasopharyngeal/lymphoma/neuroblastoma/breast/adenocarcinoma"
"HIST1H4I"	"multiple"
"TRRAP"	"multiple/bladder/renal_cell_carcinoma"
"PICALM"	"leukemia/multiple"
"AXIN1"	"multiple/liver"
"BAP1"	"kidney/cholangiocarcinoma/multiple/nasopharyngeal/thymus/renal_cell_carcinoma/breast"
"CARS"	"multiple"
"HIST1H2AL"	"lymphoma"
"HIST1H2AC"	"lymphoma"
"HIST1H2BG"	"lymphoma"
"FCRL4"	"multiple"
"HIST1H2BF"	"leukemia"
"HIST1H2BE"	"leukemia"
"HIST1H2BC"	"breast/lymphoma"
"HIST1H2BO"	"lymphoma"
"HIST1H3D"	"leukemia"
"HIST1H3C"	"glioma/astrocytoma"
"HIST1H3B"	"glioma/astrocytoma/multiple/lymphoma/breast"
"HIST1H4D"	"leukemia"
"HIST1H4H"	"head_and_neck"
"HIST1H4B"	"liver"
"ITCH"	"breast"
"TFAP2D"	"lung"
"HMCN1"	"cholangiocarcinoma/leukemia/pancreas"
"BRIP1"	"multiple/breast"
"KREMEN1"	"ovarian"
"SPOP"	"prostate/endometrial"
"ADGRV1"	"adrenocortical_adenoma"
"SRPX"	"lymphoma"
"HORMAD1"	"bladder"
"FSCB"	"gastric"
"TKTL2"	"lung"
"CASP8"	"head_and_neck/colorectal/multiple/breast"
"PRAM1"	"leukemia"
"ZIC4"	"gastric"
"LRRIQ1"	"cholangiocarcinoma"
"WDR75"	"pancreas"
"ZNRF3"	"adrenocortical_carcinoma/prostate"
"ARID5B"	"endometrial"
"CHD6"	"bladder"
"SLITRK6"	"kidney/lymphoma"
"WDR24"	"leukemia"
"TRAF7"	"meningioma/multiple"
"PHF6"	"leukemia/multiple"
"HOOK3"	"multiple"
"NSMAF"	"glioma"
"CARD11"	"multiple/kidney/lymphoma"
"ADGRA1"	"leukemia"
"MAML2"	"multiple/glioma"
"DOT1L"	"adrenocortical_adenoma"
"BRSK1"	"lymphoma"
"ABLIM2"	"pancreas"
"MAP3K21"	"colorectal/glioblastoma"
"NEURL4"	"glioma"
"MCHR2"	"lung"
"COL25A1"	"leukemia"
"PARD6B"	"glioblastoma"
"ST6GAL2"	"pancreas"
"ZNF469"	"renal_cell_carcinoma"
"GPR174"	"head_and_neck"
"KIF2B"	"colorectal"
"CARD6"	"glioblastoma"
"KDM2B"	"lymphoma"
"MYO18B"	"esophageal"
"TRIM51"	"glioblastoma"
"PERM1"	"colorectal"
"OFD1"	"lymphoma"
"PPM1D"	"thyroid/glioma"
"AJUBA"	"head_and_neck/esophageal"
"PKP4"	"head_and_neck"
"CNTNAP1"	"pancreas"
"GAS7"	"multiple"
"CHST1"	"melanoma"
"TUBGCP6"	"leukemia"
"SLC45A3"	"multiple"
"HELZ2"	"glioma"
"KNDC1"	"leukemia"
"CFAP74"	"pancreas"
"KHSRP"	"lung"
"OR6A2"	"breast"
"RUNX1"	"breast/leukemia/multiple/myelodysplasia"
"RUNX1T1"	"multiple/lung"
"CDK13"	"glioma"
"TP63"	"head_and_neck/melanoma"
"CBFA2T3"	"multiple"
"UNC5C"	"lymphoma"
"DCHS1"	"lymphoma"
"NCOA1"	"multiple"
"CBFB"	"breast/multiple/cervix"
"SOCS1"	"multiple/lymphoma"
"EIF3A"	"gastric"
"CBL"	"multiple/lung/intracranial_germ_cell"
"CBLB"	"multiple"
"EED"	"soft_tissue_sarcomas/leukemia"
"RIPK1"	"leukemia"
"TNFSF10"	"melanoma"
"ADAM7"	"melanoma"
"TNFRSF14"	"multiple/lymphoma"
"TNFRSF10A"	"glioma"
"TRIM24"	"multiple"
"IL18RAP"	"glioblastoma"
"GMPS"	"multiple"
"PROM1"	"leukemia"
"DLEU2"	"leukemia"
"TSC22D1"	"lymphoma"
"STK19"	"melanoma"
"LDB1"	"medulloblastoma"
"CCKBR"	"lung"
"SPHK1"	"glioma"
"FUBP1"	"oligodendroglioma/glioma/multiple/leukemia"
"CACNA1H"	"glioblastoma"
"BCL10"	"multiple/lymphoma"
"HERC2"	"neuroblastoma"
"HERC1"	"neuroblastoma"
"PHOX2B"	"multiple"
"CCND2"	"multiple/glioma"
"CCND3"	"breast/bladder/multiple/lymphoma/glioma/leukemia"
"HIST1H2AG"	"lymphoma"
"NAV3"	"kidney/head_and_neck"
"CCNE1"	"multiple"
"KLHL6"	"lymphoma/leukemia"
"KALRN"	"bladder"
"ACVR1"	"glioma/astrocytoma"
"FRMD7"	"glioblastoma"
"SEMA5A"	"esophageal"
"KNSTRN"	"melanoma"
"MAP7"	"colorectal"
"TBX18"	"pancreas"
"USP6"	"multiple"
"CREB3L1"	"multiple"
"ACVR1B"	"colorectal/breast"
"CD1B"	"lung"
"FMNL3"	"pancreas"
"IGFN1"	"nasopharyngeal"
"SLC16A4"	"pancreas"
"CNOT9"	"melanoma"
"SMC3"	"leukemia"
"CCNB2"	"kidney"
"RABEP1"	"multiple"
"PCED1B"	"melanoma"
"PCSK7"	"multiple"
"ZNF830"	"lymphoma"
"ZNF765"	"kidney"
"MYOM2"	"lymphoma"
"MAP3K13"	"breast"
"ZNF804A"	"kidney"
"ACVR2A"	"colorectal/liver/gastric"
"CCNQ"	"melanoma"
"DCLK1"	"gastric"
"SNX29"	"multiple"
"ZMYM3"	"leukemia/medulloblastoma"
"SPECC1"	"multiple/lymphoma"
"ATXN3L"	"lung"
"DNER"	"lung"
"SHKBP1"	"leukemia"
"IMP4"	"glioblastoma"
"S1PR2"	"lymphoma"
"PKHD1L1"	"head_and_neck"
"KLF4"	"meningioma/multiple"
"TRIP11"	"multiple"
"TPTE2"	"glioblastoma"
"SLIT2"	"lung"
NA	"multiple"
"SLC9A3R1"	"kidney"
"NRXN3"	"head_and_neck"
"NRXN1"	"renal_cell_carcinoma/colorectal"
"NRXN2"	"head_and_neck"
"CD28"	"lymphoma"
"RECQL4"	"multiple"
"MUC16"	"lung/neuroblastoma"
"TMPRSS11D"	"glioma"
"FOXQ1"	"bladder"
"CDYL"	"lung"
"TNFSF8"	"melanoma"
"QKI"	"glioblastoma/glioma"
"AKAP6"	"esophageal/leukemia"
"CD36"	"lymphoma/leukemia"
"MAGED1"	"myeloma"
"NRG2"	"pancreas"
"BABAM2"	"liver"
"CDC42BPB"	"pancreas"
"PDIA4"	"lung"
"NFE2L3"	"bladder/melanoma"
"NCOR1"	"prostate/breast/bladder/liver"
"NCOR2"	"prostate"
"CD58"	"lymphoma"
"PLCH2"	"glioblastoma"
"PDE4DIP"	"multiple"
"RIMS2"	"leukemia/lung/head_and_neck/gastric"
"CD70"	"lymphoma"
"ESPL1"	"bladder"
"PPP6R2"	"lymphoma"
"HERPUD1"	"multiple"
"CD74"	"multiple"
"SEMA3E"	"glioblastoma/gastric"
"CD79A"	"multiple/lymphoma"
"DCAF1"	"leukemia"
"DOCK4"	"leukemia"
"HDAC9"	"adrenocortical_adenoma"
"CD79B"	"multiple/lymphoma"
"ARHGAP32"	"leukemia"
"ZNF536"	"lung"
"KMT2B"	"endometrial"
"FRMPD4"	"glioblastoma"
"RAPGEF5"	"melanoma"
"BCLAF1"	"lung"
"ATG13"	"nasopharyngeal"
"MAML1"	"bladder"
"CTIF"	"lung"
"URB2"	"glioblastoma"
"KEAP1"	"lung/liver"
"CUL7"	"kidney"
"JAKMIP2"	"melanoma"
"ELMO1"	"esophageal/liver"
"CEP170"	"leukemia"
"NUAK1"	"esophageal"
"SRGAP3"	"multiple"
"ATP2C2"	"lymphoma"
"ARNT2"	"glioblastoma"
"KBTBD11"	"pancreas"
"MAFB"	"multiple"
"DLEC1"	"pancreas"
"MAGEC1"	"melanoma/head_and_neck"
"CDC25C"	"lung"
"GOLGA5"	"multiple"
"CDC27"	"colorectal"
"FGF19"	"liver"
"THRAP3"	"multiple"
"MED12"	"adrenocortical_carcinoma/prostate/multiple/leukemia/breast/leiomyoma"
"CDC42"	"leukemia"
"CDH1"	"soft_tissue_sarcomas/breast/gastric/multiple/colorectal"
"SLC12A6"	"neuroblastoma"
